Name,Type,Cup_size,Sugar_Level,Milk_Level,Count,Date
Rooibos,Tea,Small,1,2,1,2024-05-22 10:24:25
Rooibos,Tea,Small,2,2,1,2024-05-22 10:24:29
Cinnamon,Tea,Large,3,2,1,2024-05-22 10:24:34
Peppermint,Tea,Small,1,1,1,2024-05-22 10:24:39
Greentea,Tea,Medium,2,0,1,2024-05-22 10:24:43
Chamomile,Tea,Small,2,1,1,2024-05-22 10:24:47
Rooibos,Tea,Small,1,1,1,2024-05-22 10:38:48
Peppermint,Tea,Medium,1,1,1,2024-05-22 10:38:52
Greentea,Tea,Medium,2,1,1,2024-05-22 10:38:55
Cinnamon,Tea,Medium,3,1,1,2024-05-22 10:38:58
Chamomile,Tea,Medium,3,1,1,2024-05-22 10:39:03
Ceylon,Tea,Medium,3,1,1,2024-05-22 10:39:07
Rooibos,Tea,Medium,3,1,1,2024-05-22 10:40:20
Peppermint,Tea,Medium,3,1,1,2024-05-22 10:40:26
Greentea,Tea,Medium,1,0,1,2024-05-22 10:40:29
Cinnamon,Tea,Medium,1,1,1,2024-05-22 10:40:34
Chamomile,Tea,Large,3,1,1,2024-05-22 10:40:38
Ceylon,Tea,Large,3,1,1,2024-05-22 10:40:42
Peppermint,Tea,Small,1,1,1,2024-05-22 10:45:38
Rooibos,Tea,Medium,3,2,1,2024-05-22 10:46:13
Rooibos,Tea,Medium,3,1,1,2024-05-22 10:56:07
Chamomile,Tea,Medium,2,1,1,2024-05-22 10:56:11
Greentea,Tea,Medium,2,0,1,2024-05-22 10:56:14
Cinnamon,Tea,Small,1,1,1,2024-05-22 10:56:18
Chamomile,Tea,Small,2,1,1,2024-05-22 14:21:16
Greentea,Tea,Small,2,0,1,2024-05-22 14:33:06
Peppermint,Tea,Medium,2,2,1,2024-05-23 16:18:27
Cinnamon,Tea,Large,2,2,1,2024-05-23 16:32:13
Rooibos,Tea,Medium,2,0,1,2024-05-23 16:32:17
Cinnamon,Tea,Small,1,1,1,2024-05-23 17:40:23
Rooibos,Tea,Medium,3,2,1,2024-05-23 17:42:32
Ceylon,Tea,Large,4,3,1,2024-05-23 17:42:56
Cinnamon,Tea,Small,4,1,1,2024-05-23 17:43:06
Chamomile,Tea,Medium,2,2,1,2024-05-23 17:43:12
Peppermint,Tea,Medium,3,2,1,2024-05-23 17:45:03
Rooibos,Tea,Medium,1,0,1,2024-05-23 17:45:08
Greentea,Tea,Medium,1,3,1,2024-05-23 17:45:14
Cinnamon,Tea,Medium,2,0,1,2024-05-23 17:45:19
Chamomile,Tea,Small,3,2,1,2024-05-23 17:45:26
Ceylon,Tea,Large,2,2,1,2024-05-23 17:45:32
Rooibos,Tea,Medium,2,0,1,2024-05-23 17:45:37
Peppermint,Tea,Large,2,1,1,2024-05-23 17:45:43
Cinnamon,Tea,Large,2,1,1,2024-05-23 17:45:51
Chamomile,Tea,Small,2,1,1,2024-05-23 17:45:57
Ceylon,Tea,Medium,2,0,1,2024-05-23 17:46:02
Rooibos,Tea,Medium,1,0,1,2024-05-23 17:46:08
Peppermint,Tea,Medium,1,0,1,2024-05-23 17:46:12
Greentea,Tea,Large,1,1,1,2024-05-23 17:46:19
Ceylon,Tea,Small,2,0,1,2024-05-23 17:46:32
Peppermint,Tea,Medium,2,2,1,2024-05-23 17:46:38
Rooibos,Tea,Large,2,1,1,2024-05-23 17:46:43
Greentea,Tea,Medium,2,2,1,2024-05-23 17:46:48
Cinnamon,Tea,Small,2,2,1,2024-05-23 17:46:53
Chamomile,Tea,Medium,2,1,1,2024-05-23 17:46:58
Ceylon,Tea,Small,2,2,1,2024-05-23 17:47:05
Rooibos,Tea,Small,2,0,1,2024-05-23 17:47:08
Peppermint,Tea,Small,0,2,1,2024-05-23 17:47:14
Greentea,Tea,Medium,2,0,1,2024-05-23 17:47:20
Cinnamon,Tea,Large,1,1,1,2024-05-23 17:47:24
Chamomile,Tea,Medium,2,2,1,2024-05-23 17:47:30
Ceylon,Tea,Small,2,2,1,2024-05-23 17:47:36
Rooibos,Tea,Small,2,0,1,2024-05-23 17:52:58
Peppermint,Tea,Medium,2,0,1,2024-05-23 17:53:03
Greentea,Tea,Large,2,0,1,2024-05-23 17:53:09
Cinnamon,Tea,Small,2,0,1,2024-05-23 17:53:12
Chamomile,Tea,Large,1,0,1,2024-05-23 17:53:16
Ceylon,Tea,Medium,2,2,1,2024-05-23 17:53:22
Rooibos,Tea,Small,2,0,1,2024-05-23 17:53:25
Peppermint,Tea,Medium,1,1,1,2024-05-23 17:53:47
Chamomile,Tea,Large,2,2,1,2024-05-23 17:53:54
Ceylon,Tea,Small,2,1,1,2024-05-23 17:54:00
Greentea,Tea,Medium,1,2,1,2024-05-23 17:54:06
Rooibos,Tea,Large,1,1,1,2024-05-23 17:54:15
Peppermint,Tea,Medium,1,1,1,2024-05-23 17:54:21
Rooibos,Tea,Small,1,0,1,2024-05-23 17:54:23
Rooibos,Tea,Medium,0,0,1,2024-05-23 17:54:30
Peppermint,Tea,Large,0,0,1,2024-05-23 17:54:32
Greentea,Tea,Medium,0,0,1,2024-05-23 17:54:34
Cinnamon,Tea,Medium,0,0,1,2024-05-23 17:54:37
Chamomile,Tea,Large,0,0,1,2024-05-23 17:54:38
Ceylon,Tea,Large,0,0,1,2024-05-23 17:54:42
Rooibos,Tea,Small,2,1,1,2024-05-23 18:58:15
Rooibos,Tea,Medium,1,1,1,2024-05-23 18:58:21
Rooibos,Tea,Small,1,1,1,2024-05-27 18:13:26
Cinnamon,Tea,Medium,3,2,1,2024-05-27 18:13:33
Peppermint,Tea,Small,0,0,1,2024-06-04 17:17:27
Greentea,Tea,Small,2,0,1,2024-06-04 17:17:32
Chamomile,Tea,Medium,2,0,1,2024-06-04 17:17:36
